Run,Rmse,Mae,Rscore
linear_simpleIndex_None_clustering,459.2155771961933,335.75843335406978,-0.082642042561730245
